URL_ID,URL,POSITIVE SCORE,NEGATIVE SCORE,POLARITY SCORE,SUBJECTIVITY SCORE,AVG SENTENCE LENGTH,PERCENTAGE OF COMPLEX WORDS,FOG INDEX,AVG NUMBER OF WORDS PER SENTENCE,COMPLEX WORD COUNT,WORD COUNT,SYLLABLE PER WORD,PERSONAL PRONOUNS,AVG WORD LENGTH
Netclan20241017,https://insights.blackcoffer.com/ai-and-ml-based-youtube-analytics-and-content-creation-tool-for-optimizing-subscriber-engagement-and-content-strategy/,5,0,-0.03272727272727274,0.3109090909090909,15.833333333333334,40.0,22.333333333333336,15.833333333333334,38,95,2.3473684210526318,1,7.4
Netclan20241018,https://insights.blackcoffer.com/enhancing-front-end-features-and-functionality-for-improved-user-experience-and-dashboard-accuracy-in-partner-hospital-application/,8,7,0.183399209486166,0.4478472614342179,9.555555555555555,33.43023255813954,17.194315245478037,9.555555555555555,115,344,2.25,7,6.837209302325581
Netclan20241019,https://insights.blackcoffer.com/roas-dashboard-for-campaign-wise-google-ads-budget-tracking-using-google-ads-ap/,10,2,0.12402597402597405,0.39080086580086576,16.25,30.0,18.5,16.25,39,130,2.1384615384615384,1,6.823076923076923
Netclan20241020,https://insights.blackcoffer.com/efficient-processing-and-analysis-of-financial-data-from-pdf-files-addressing-formatting-inconsistencies-and-ensuring-data-integrity-for-a-toyota-dealership-management-firm/,22,10,0.10076641046028804,0.4110257089848926,12.703703703703704,57.434402332361515,28.05524241442609,12.703703703703704,197,343,2.740524781341108,4,7.918367346938775
Netclan20241021,https://insights.blackcoffer.com/development-of-ea-robot-for-automated-trading/,2,0,0.10101010101010101,0.42828282828282827,7.785714285714286,42.201834862385326,19.995019659239844,7.785714285714286,46,109,2.458715596330275,1,7.220183486238532
Netclan20241022,https://insights.blackcoffer.com/ai-and-ml-based-youtube-analytics-and-content-creation-tool-for-optimizing-subscriber-engagement-and-content-strategy/,5,0,-0.03272727272727274,0.3109090909090909,15.833333333333334,40.0,22.333333333333336,15.833333333333334,38,95,2.3473684210526318,1,7.4
Netclan20241023,https://insights.blackcoffer.com/enhancing-front-end-features-and-functionality-for-improved-user-experience-and-dashboard-accuracy-in-partner-hospital-application/,8,7,0.183399209486166,0.4478472614342179,9.555555555555555,33.43023255813954,17.194315245478037,9.555555555555555,115,344,2.25,7,6.837209302325581
Netclan20241024,https://insights.blackcoffer.com/roas-dashboard-for-campaign-wise-google-ads-budget-tracking-using-google-ads-ap/,10,2,0.12402597402597405,0.39080086580086576,16.25,30.0,18.5,16.25,39,130,2.1384615384615384,1,6.823076923076923
Netclan20241025,https://insights.blackcoffer.com/efficient-processing-and-analysis-of-financial-data-from-pdf-files-addressing-formatting-inconsistencies-and-ensuring-data-integrity-for-a-toyota-dealership-management-firm/,22,10,0.10076641046028804,0.4110257089848926,12.703703703703704,57.434402332361515,28.05524241442609,12.703703703703704,197,343,2.740524781341108,4,7.918367346938775
Netclan20241026,https://insights.blackcoffer.com/transforming-and-managing-a-large-scale-sql-pedigree-database-to-neo4j-graph-db/,56,21,0.19084165834165834,0.4743594866671791,10.25,54.243902439024396,25.79756097560976,10.25,556,1025,2.667317073170732,1,7.8
Netclan20241027,https://insights.blackcoffer.com/enhancing-model-accuracy-from-58-to-over-90-strategies-for-improving-predictive-performance/,17,6,0.0707912457912458,0.38967452300785643,11.818181818181818,51.92307692307693,25.4965034965035,11.818181818181818,135,260,2.7,1,7.834615384615384
Netclan20241028,https://insights.blackcoffer.com/securing-sensitive-financial-data-with-privacy-preserving-machine-learning-for-predictive-analytics/,26,2,0.0807942057942058,0.5108891108891108,14.23076923076923,57.2972972972973,28.611226611226613,14.23076923076923,212,370,2.764864864864865,6,8.0
Netclan20241029,https://insights.blackcoffer.com/enhancing-data-collection-for-research-institutions-addressing-survey-fatigue-and-incorporating-verbal-communication-for-richer-insights/,19,4,0.11103896103896103,0.4592667748917749,11.5,51.20772946859904,25.083091787439617,11.5,106,207,2.6908212560386473,4,8.154589371980677
Netclan20241030,https://insights.blackcoffer.com/analyzing-the-impact-of-positive-emotions-and-pandemic-severity-on-mental-health-and-resilience-among-entrepreneurs-insights-and-predictive-modeling/,12,4,0.0937272727272727,0.4486363636363636,14.533333333333333,55.5045871559633,28.01516819571866,14.533333333333333,121,218,2.706422018348624,5,8.045871559633028
Netclan20241031,https://insights.blackcoffer.com/dynamic-brand-centric-dashboard-for-automotive-dealerships-pdf-to-financial-insights-with-flask-react-architecture-and-aws-cloud-hosting/,58,16,0.0868011155511156,0.3709754828504828,11.772727272727273,46.846846846846844,23.44782964782965,11.772727272727273,364,777,2.583011583011583,10,7.688545688545688
Netclan20241032,https://insights.blackcoffer.com/cloud-based-data-modeling-and-analysis-platform-with-drag-and-drop-interface-and-openai-api-integration-for-simulation-insights/,7,0,-0.0018141945773524743,0.41317783094098876,11.357142857142858,39.62264150943396,20.39191374663073,11.357142857142858,63,159,2.4213836477987423,1,7.226415094339623
Netclan20241033,https://insights.blackcoffer.com/voter-profile-analysis-and-search-application-for-targeted-campaign-engagement-using-government-voter-data/,39,6,0.13468711843711845,0.44029991376145233,13.13888888888889,55.602536997885835,27.49657035470989,13.13888888888889,263,473,2.748414376321353,15,7.995771670190275
Netclan20241034,https://insights.blackcoffer.com/bert-based-classification-of-individuals-and-organizations-into-two-categories-using-natural-language-processing/,5,3,0.13797979797979798,0.38030303030303025,10.1,39.603960396039604,19.881584158415844,10.1,40,101,2.366336633663366,3,7.287128712871287
Netclan20241035,https://insights.blackcoffer.com/comprehensive-analysis-of-solana-and-ethereum-contributors-using-github-api-with-comparative-study-of-1000-random-github-profiles/,12,4,-0.0027667984189723295,0.501646903820817,13.357142857142858,48.1283422459893,24.594194041252866,13.357142857142858,90,187,2.6363636363636362,3,7.518716577540107
Netclan20241036,https://insights.blackcoffer.com/powerbi-rest-api-fetching-dataflow-and-refresh-schedules-with-semantic-models/,19,6,0.11829004329004328,0.34668109668109665,12.25,47.44897959183674,23.879591836734697,12.25,93,196,2.5510204081632653,2,7.224489795918367
Netclan20241037,https://insights.blackcoffer.com/automated-job-data-import-and-management-solution-for-enhanced-efficiency/,8,0,0.062337662337662345,0.33636363636363636,11.833333333333334,37.32394366197183,19.66291079812207,11.833333333333334,53,142,2.380281690140845,2,6.880281690140845
Netclan20241038,https://insights.blackcoffer.com/data-analytics-and-optimization-solution-for-enhancing-renewable-energy-efficiency/,9,1,0.09730269730269733,0.4073093573093573,13.166666666666666,50.0,25.266666666666666,13.166666666666666,79,158,2.6202531645569622,2,7.6455696202531644
Netclan20241039,https://insights.blackcoffer.com/time-series-analysis-and-trend-forecasting-solution-for-predicting-news-trends/,10,1,0.0819180819180819,0.36564269064269056,12.666666666666666,36.84210526315789,19.803508771929824,12.666666666666666,56,152,2.348684210526316,2,7.243421052631579
Netclan20241040,https://insights.blackcoffer.com/advanced-data-visualization-solutions-for-monitoring-key-business-metrics-with-integrated-interactive-dashboards/,14,0,0.09090909090909093,0.4134291634291634,12.166666666666666,47.26027397260274,23.770776255707762,12.166666666666666,69,146,2.5821917808219177,2,7.767123287671233
Netclan20241041,https://insights.blackcoffer.com/advanced-patient-data-analysis-solution-for-trend-identification-and-improved-healthcare-outcome/,15,1,0.11575757575757578,0.5191919191919191,12.583333333333334,39.0728476821192,20.662472406181017,12.583333333333334,59,151,2.4834437086092715,2,7.682119205298013
Netclan20241042,https://insights.blackcoffer.com/anomaly-detection-and-analysis-for-enhanced-data-integrity-and-user-experience-on-bright-datas-website/,10,7,0.170995670995671,0.5407792207792208,13.25,45.911949685534594,23.66477987421384,13.25,73,159,2.5534591194968552,2,7.339622641509434
Netclan20241043,https://insights.blackcoffer.com/building-custom-tflite-models-and-benchmarking-on-voxl2-chips/,9,0,0.033522727272727273,0.49090909090909085,12.416666666666666,43.624161073825505,22.41633109619687,12.416666666666666,65,149,2.4295302013422817,2,7.785234899328859
Netclan20241044,https://insights.blackcoffer.com/sports-prediction-model-for-multiple-sports-leagues/,17,0,0.11243112947658403,0.533356290174472,16.5625,42.26415094339623,23.530660377358494,16.5625,112,265,2.3811320754716983,1,7.347169811320755
Netclan20241045,https://insights.blackcoffer.com/efficient-coach-allocation-system-for-sports-coaching-organization/,12,4,0.04356661856661857,0.4426647426647427,11.944444444444445,37.2093023255814,19.66149870801034,11.944444444444445,80,215,2.4232558139534883,4,7.269767441860465
Netclan20241046,https://insights.blackcoffer.com/data-studio-dashboard-with-a-data-pipeline-tool-synced-with-podio-using-custom-webhooks-and-google-cloud-function-2/,21,4,0.11607538802660754,0.5037253397009495,10.290322580645162,41.692789968652036,20.79324501971888,10.290322580645162,133,319,2.445141065830721,1,7.322884012539185
Netclan20241047,https://insights.blackcoffer.com/ai-driven-backend-for-audio-to-text-conversion-and-analytical-assessment-in-pharmaceutical-practice/,8,2,0.1341897233201581,0.4697628458498024,10.9,39.44954128440367,20.13981651376147,10.9,86,218,2.4311926605504586,2,7.110091743119266
Netclan20241048,https://insights.blackcoffer.com/cloud-based-web-application-for-financial-data-processing-and-visualization-of-sp-500-metrics/,46,13,0.17033279220779218,0.4303571428571429,14.258064516129032,50.452488687782804,25.884221281564738,14.258064516129032,223,442,2.7013574660633486,5,7.929864253393665
Netclan20241049,https://insights.blackcoffer.com/department-wise-kpi-tracking-dashboard-with-technician-performance-analysis-for-atoz-dependable-service/,14,2,0.1279458346531517,0.49111498257839714,12.366666666666667,27.762803234501348,16.051787960467205,12.366666666666667,103,371,2.142857142857143,1,6.743935309973046
Netclan20241050,https://insights.blackcoffer.com/steps-to-convert-a-node-js-api-to-python-for-aws-lambda-deployment/,19,5,0.10033670033670032,0.45081369248035913,12.294117647058824,45.45454545454545,23.099465240641713,12.294117647058824,95,209,2.5454545454545454,1,7.698564593301436
Netclan20241051,https://insights.blackcoffer.com/building-an-analytics-dashboard-with-a-pdf-parsing-pipeline-for-data-extraction/,29,24,0.11223776223776225,0.4750874125874126,8.066666666666666,39.07910271546635,18.858307752853204,8.066666666666666,331,847,2.4285714285714284,1,7.417945690672964
Netclan20241052,https://insights.blackcoffer.com/building-a-real-time-log-file-visualization-dashboard-in-kibana/,14,19,0.06098409692159692,0.45192365504865495,8.163636363636364,39.86636971046771,19.21200242964163,8.163636363636364,179,449,2.387527839643653,2,7.080178173719377
Netclan20241053,https://insights.blackcoffer.com/analyzing-the-impact-of-female-ceo-appointments-on-company-stock-prices/,17,6,0.10823863636363638,0.4204359774212715,7.87719298245614,52.338530066815146,24.08628921970852,7.87719298245614,235,449,2.690423162583519,6,7.9621380846325165
Netclan20241054,https://insights.blackcoffer.com/ai-chatbot-using-llm-langchain-llama/,11,1,0.10224270353302611,0.4362749615975423,14.933333333333334,45.535714285714285,24.187619047619048,14.933333333333334,102,224,2.482142857142857,1,7.419642857142857
Netclan20241055,https://insights.blackcoffer.com/healthcare-ai-chatbot-using-llama-llm-langchain/,41,4,0.1768424036281179,0.34549319727891153,4.785714285714286,26.119402985074625,12.362046908315564,4.785714285714286,105,402,2.1343283582089554,30,6.63681592039801
Netclan20241056,https://insights.blackcoffer.com/ai-bot-audio-to-audio/,0,0,0.0,0.3333333333333333,32.0,34.375,26.55,32.0,11,32,2.3125,0,7.1875
Netclan20241057,https://insights.blackcoffer.com/recommendation-engine-for-insurance-sector-to-expand-business-in-the-rural-area/,8,1,0.13933566433566433,0.4217948717948718,19.11111111111111,38.372093023255815,22.993281653746774,19.11111111111111,66,172,2.354651162790698,2,7.116279069767442
Netclan20241058,https://insights.blackcoffer.com/data-from-crm-via-zapier-to-google-sheets-dynamic-to-powerbi/,9,0,0.22261904761904763,0.3714285714285714,9.636363636363637,26.41509433962264,14.420583190394513,9.636363636363637,28,106,2.0377358490566038,4,6.40566037735849
Netclan20241059,https://insights.blackcoffer.com/data-warehouse-to-google-data-studio-looker-dashboard/,4,0,0.11071428571428572,0.3666666666666667,12.181818181818182,26.865671641791046,15.618995929443692,12.181818181818182,36,134,2.082089552238806,9,6.776119402985074
Netclan20241060,https://insights.blackcoffer.com/crm-monday-com-via-zapier-to-power-bi-dashboard/,11,3,0.12479338842975206,0.3951446280991735,6.956521739130435,21.875,11.532608695652174,6.956521739130435,35,160,1.96875,16,6.1875
Netclan20241061,https://insights.blackcoffer.com/monday-com-to-kpi-dashboard-to-manage-view-and-generate-insights-from-the-crm-data/,15,6,0.2258452380952381,0.6042261904761906,6.576923076923077,30.994152046783626,15.028430049482683,6.576923076923077,53,171,1.9649122807017543,6,6.292397660818714
Netclan20241062,https://insights.blackcoffer.com/data-management-for-a-political-saas-application/,4,3,0.1083030303030303,0.29088403263403256,8.454545454545455,40.32258064516129,19.5108504398827,8.454545454545455,75,186,2.295698924731183,5,6.924731182795699
Netclan20241063,https://insights.blackcoffer.com/google-lsa-ads-google-local-service-ads-etl-tools-and-dashboards/,4,0,0.10706168831168832,0.4074675324675324,13.88888888888889,32.0,18.355555555555554,13.88888888888889,40,125,2.144,1,6.688
Netclan20241064,https://insights.blackcoffer.com/ad-networks-marketing-campaign-data-dashboard-in-looker-google-data-studio/,3,0,0.14444444444444446,0.2305555555555555,29.5,32.20338983050847,24.681355932203388,29.5,19,59,2.1016949152542375,1,6.796610169491525
Netclan20241065,https://insights.blackcoffer.com/analytical-solution-for-a-tech-firm/,4,2,0.325,0.3,9.8,34.69387755102041,17.79755102040816,9.8,17,49,2.183673469387755,2,7.122448979591836
Netclan20241066,https://insights.blackcoffer.com/ai-solution-for-a-technology-information-and-internet-firm/,4,0,0.2,0.2,15.0,40.0,22.0,15.0,24,60,2.283333333333333,1,6.9
Netclan20241067,https://insights.blackcoffer.com/ai-and-nlp-based-solutions-to-automate-data-discovery-for-venture-capital-and-private-equity-principals/,6,1,0.18482142857142858,0.2897321428571428,14.625,41.88034188034188,22.602136752136754,14.625,49,117,2.3162393162393164,1,7.068376068376068
Netclan20241068,https://insights.blackcoffer.com/an-etl-solution-for-an-internet-publishing-firm/,10,0,0.19900276052449967,0.4597929606625259,10.142857142857142,27.464788732394368,15.043058350100603,10.142857142857142,39,142,2.119718309859155,10,6.253521126760563
Netclan20241069,https://insights.blackcoffer.com/ai-based-algorithmic-trading-bot-for-forex/,3,1,0.18571428571428572,0.35714285714285715,11.166666666666666,26.865671641791046,15.212935323383086,11.166666666666666,18,67,2.1791044776119404,1,6.776119402985074
Netclan20241070,https://insights.blackcoffer.com/equity-waterfalls-model-based-saas-application-for-real-estate-sector/,3,1,0.1625,0.4328124999999999,7.8,35.8974358974359,17.47897435897436,7.8,56,156,2.2115384615384617,8,6.967948717948718
Netclan20241071,https://insights.blackcoffer.com/ai-solutions-for-foreign-exchange-an-automated-algo-trading-tool/,8,2,0.0988095238095238,0.2511904761904762,14.23076923076923,40.54054054054054,21.90852390852391,14.23076923076923,75,185,2.2756756756756755,4,7.021621621621621
Netclan20241072,https://insights.blackcoffer.com/ai-agent-development-and-deployment-in-jina-ai/,10,6,0.3236363636363636,0.48045454545454547,14.428571428571429,36.633663366336634,20.424893917963228,14.428571428571429,37,101,2.405940594059406,3,7.2772277227722775
Netclan20241073,https://insights.blackcoffer.com/golden-record-a-knowledge-graph-database-approach-to-unfold-discovery-using-neo4j/,10,3,0.22423809523809526,0.4504761904761906,11.214285714285714,35.03184713375796,18.49845313921747,11.214285714285714,55,157,2.261146496815287,12,6.923566878980892
Netclan20241074,https://insights.blackcoffer.com/advanced-ai-for-trading-automation/,9,3,0.12135539064110491,0.2839406823335395,8.409090909090908,34.5945945945946,17.201474201474202,8.409090909090908,64,185,2.2486486486486488,9,6.7405405405405405
Netclan20241075,https://insights.blackcoffer.com/create-a-knowledge-graph-to-provide-real-time-analytics-recommendations-and-a-single-source-of-truth/,4,3,0.028571428571428564,0.42857142857142855,7.9,35.44303797468354,17.337215189873415,7.9,28,79,2.2911392405063293,1,7.063291139240507
Netclan20241076,https://insights.blackcoffer.com/advanced-ai-for-thermal-person-detection/,3,0,0.2,0.175,9.8,32.6530612244898,16.98122448979592,9.8,16,49,2.204081632653061,2,6.775510204081633
Netclan20241077,https://insights.blackcoffer.com/advanced-ai-for-road-cam-threat-detection/,3,2,0.13333333333333333,0.13333333333333333,11.8,42.3728813559322,21.669152542372885,11.8,25,59,2.3728813559322033,1,7.186440677966102
Netclan20241078,https://insights.blackcoffer.com/advanced-ai-for-pedestrian-crossing-safety/,5,3,0.05363636363636363,0.3554545454545454,9.142857142857142,40.625,19.90714285714286,9.142857142857142,26,64,2.359375,3,7.34375
Netclan20241079,https://insights.blackcoffer.com/handgun-detection-using-yolo/,3,0,0.3,0.26,11.4,43.859649122807014,22.103859649122807,11.4,25,57,2.43859649122807,2,7.280701754385965
Netclan20241080,https://insights.blackcoffer.com/using-graph-technology-to-create-single-customer-view/,4,7,0.02380952380952382,0.3306547619047619,8.8,42.04545454545455,20.33818181818182,8.8,37,88,2.3863636363636362,4,7.284090909090909
Netclan20241081,https://insights.blackcoffer.com/car-detection-in-satellite-images/,9,0,0.20476190476190473,0.45854341736694676,8.352941176470589,36.61971830985916,17.989063794531898,8.352941176470589,52,142,2.2464788732394365,8,6.880281690140845
Netclan20241082,https://insights.blackcoffer.com/building-a-physics-informed-neural-network-for-circuit-evaluation/,10,3,0.13690476190476192,0.5166666666666667,9.473684210526315,39.44444444444444,19.567251461988306,9.473684210526315,71,180,2.3833333333333333,12,7.277777777777778
Netclan20241083,https://insights.blackcoffer.com/connecting-mongodb-database-to-power-bi-dashboard-dashboard-automation/,6,3,0.13594738594738598,0.5878038628038629,10.882352941176471,31.891891891891895,17.10969793322735,10.882352941176471,59,185,2.1675675675675676,10,6.551351351351351
Netclan20241084,https://insights.blackcoffer.com/data-transformation/,20,12,0.009166666666666656,0.5058333333333332,9.833333333333334,28.8135593220339,15.458757062146894,9.833333333333334,68,236,2.1271186440677967,11,6.389830508474576
Netclan20241085,https://insights.blackcoffer.com/e-commerce-store-analysis-purchase-behavior-ad-spend-conversion-traffic-etc/,7,1,0.17191558441558444,0.49751082251082257,9.736842105263158,29.18918918918919,15.570412517780937,9.736842105263158,54,185,2.108108108108108,14,6.864864864864865
Netclan20241086,https://insights.blackcoffer.com/kpi-dashboard-for-accountants/,9,0,0.13187500000000002,0.4628571428571429,14.363636363636363,36.708860759493675,20.428998849252014,14.363636363636363,58,158,2.189873417721519,6,7.094936708860759
Netclan20241087,https://insights.blackcoffer.com/return-on-advertising-spend-dashboard-marketing-automation-and-analytics-using-etl-and-dashboard/,24,4,0.16042240587695136,0.43420569329660236,12.264705882352942,43.4052757793765,22.26799266469178,12.264705882352942,181,417,2.446043165467626,6,7.247002398081535
Netclan20241088,https://insights.blackcoffer.com/ranking-customer-behaviours-for-business-strategy/,4,2,-0.017321428571428578,0.6683928571428571,28.75,25.217391304347824,21.586956521739133,28.75,29,115,2.1652173913043478,2,6.573913043478261
Netclan20241089,https://insights.blackcoffer.com/algorithmic-trading-for-multiple-commodities-markets-like-forex-metals-energy-etc/,5,0,0.0878517316017316,0.33968253968253964,11.466666666666667,38.372093023255815,19.935503875968994,11.466666666666667,66,172,2.3372093023255816,1,7.156976744186046
Netclan20241090,https://insights.blackcoffer.com/trading-bot-for-forex/,2,1,0.1,0.475,43.0,27.906976744186046,28.362790697674416,43.0,12,43,2.0697674418604652,1,6.441860465116279
Netclan20241091,https://insights.blackcoffer.com/python-model-for-the-analysis-of-sector-specific-stock-etfs-for-investment-purposes%ef%bf%bc/,7,2,0.18487554112554114,0.39779942279942276,10.692307692307692,35.25179856115108,18.37764250138351,10.692307692307692,49,139,2.273381294964029,4,7.093525179856115
Netclan20241092,https://insights.blackcoffer.com/medical-classification/,4,2,0.03293650793650794,0.27142857142857146,12.0,29.166666666666668,16.46666666666667,12.0,42,144,2.173611111111111,5,6.8125
Netclan20241093,https://insights.blackcoffer.com/design-develop-bert-question-answering-model-explanations-with-visualization/,1,0,0.2,0.37500000000000006,19.666666666666668,35.59322033898305,22.10395480225989,19.666666666666668,21,59,2.3389830508474576,2,7.406779661016949
Netclan20241094,https://insights.blackcoffer.com/design-and-develop-solution-to-anomaly-detection-classification-problems/,2,5,0.07272727272727274,0.4636363636363637,10.333333333333334,38.70967741935484,19.617204301075272,10.333333333333334,36,93,2.4516129032258065,5,7.064516129032258
Netclan20241095,https://insights.blackcoffer.com/an-etl-solution-for-currency-data-to-google-big-query/,1,0,0.0036363636363636346,0.15545454545454546,9.916666666666666,21.008403361344538,12.370028011204482,9.916666666666666,25,119,1.9579831932773109,11,6.243697478991597
Netclan20241096,https://insights.blackcoffer.com/etl-and-mlops-infrastructure-for-blockchain-analytics/,0,0,0.0,0.0,0.0,0.0,0.0,0.0,0,0,0.0,0,0.0
Netclan20241097,https://insights.blackcoffer.com/an-agent-based-model-of-a-virtual-power-plant-vpp/,2,0,-0.06666666666666667,0.3,11.333333333333334,38.23529411764706,19.827450980392157,11.333333333333334,13,34,2.323529411764706,0,6.9411764705882355
Netclan20241098,https://insights.blackcoffer.com/transform-api-into-sdk-library-and-widget/,9,1,0.15,0.4068181818181818,22.25,34.831460674157306,22.832584269662924,22.25,31,89,2.292134831460674,1,6.977528089887641
Netclan20241099,https://insights.blackcoffer.com/integration-of-a-product-to-a-cloud-based-crm-platform/,5,5,0.05490196078431371,0.3313725490196079,8.235294117647058,30.0,15.294117647058824,8.235294117647058,42,140,2.2214285714285715,1,6.978571428571429
Netclan20241100,https://insights.blackcoffer.com/a-web-based-dashboard-for-the-filtered-data-retrieval-of-land-records/,10,2,0.13626373626373625,0.4036630036630036,12.846153846153847,28.143712574850298,16.39594656840166,12.846153846153847,47,167,2.197604790419162,0,6.850299401197605
Netclan20241101,https://insights.blackcoffer.com/integration-of-video-conferencing-data-to-the-existing-web-app/,1,0,-0.05,0.25,14.75,24.576271186440678,15.730508474576272,14.75,29,118,2.152542372881356,0,6.466101694915254
Netclan20241102,https://insights.blackcoffer.com/design-develop-an-app-in-retool-which-shows-the-progress-of-the-added-video/,2,0,-0.06666666666666667,0.16666666666666666,24.5,30.612244897959183,22.044897959183675,24.5,15,49,2.1020408163265305,2,6.224489795918367
Netclan20241103,https://insights.blackcoffer.com/auvik-connectwise-integration-in-grafana/,2,1,0.15833333333333333,0.37222222222222223,9.1,38.46153846153847,19.024615384615387,9.1,35,91,2.2747252747252746,0,6.846153846153846
Netclan20241104,https://insights.blackcoffer.com/data-integration-and-big-data-performance-using-elk-stack/,3,1,0.1216200466200466,0.44428904428904425,10.153846153846153,37.121212121212125,18.910023310023313,10.153846153846153,49,132,2.303030303030303,2,7.2272727272727275
Netclan20241105,https://insights.blackcoffer.com/web-data-connector/,1,0,0.03363636363636364,0.23853146853146856,9.0,25.252525252525253,13.701010101010102,9.0,25,99,2.1313131313131315,1,6.515151515151516
Netclan20241106,https://insights.blackcoffer.com/an-app-for-updating-the-email-id-of-the-user-and-stripe-refund-tool-using-retool/,6,1,0.2041666666666667,0.45972222222222214,36.0,15.277777777777779,20.511111111111113,36.0,11,72,1.875,3,6.277777777777778
Netclan20241107,https://insights.blackcoffer.com/an-ai-ml-based-web-application-that-detects-the-correctness-of-text-in-a-given-video/,1,5,-0.3625,0.65,33.666666666666664,20.792079207920793,21.783498349834986,33.666666666666664,21,101,1.9108910891089108,2,6.465346534653466
Netclan20241108,https://insights.blackcoffer.com/website-tracking-and-insights-using-google-analytics-google-tag-manager/,15,2,0.1351078167115903,0.3973495058400719,12.129032258064516,39.09574468085106,20.489910775566234,12.129032258064516,147,376,2.2606382978723403,3,6.954787234042553
Netclan20241109,https://insights.blackcoffer.com/dashboard-to-track-the-analytics-of-the-website-using-google-analytics-and-google-tag-manager/,15,1,0.11026504941599284,0.5003054806828392,11.909090909090908,34.605597964376585,18.605875549386997,11.909090909090908,136,393,2.2213740458015265,1,6.857506361323155
Netclan20241110,https://insights.blackcoffer.com/power-bi-dashboard-on-operations-transactions-and-marketing-embedding-the-dashboard-to-web-app/,1,0,-0.1,0.7,10.666666666666666,40.625,20.516666666666666,10.666666666666666,13,32,2.25,0,6.96875
Netclan20241111,https://insights.blackcoffer.com/nft-data-automation-looksrare-and-etl-tool/,4,2,0.053125,0.24022435897435904,8.5,30.252100840336134,15.500840336134454,8.5,36,119,2.0756302521008405,3,6.361344537815126
Netclan20241112,https://insights.blackcoffer.com/optimize-the-data-scraper-program-to-easily-accommodate-large-files-and-solve-oom-errors/,4,2,0.11520146520146518,0.3098901098901099,10.714285714285714,40.0,20.28571428571429,10.714285714285714,30,75,2.2666666666666666,2,6.906666666666666
Netclan20241113,https://insights.blackcoffer.com/making-a-robust-way-to-sync-data-from-airtables-to-mongodb-using-python-etl-solution/,2,4,0.0383030303030303,0.3489545454545455,11.727272727272727,26.356589147286826,15.233544749823821,11.727272727272727,34,129,2.0697674418604652,1,6.51937984496124
Netclan20241114,https://insights.blackcoffer.com/incident-duration-prediction-infrastructure-and-real-estate/,1,1,0.07421875,0.3841145833333333,11.444444444444445,39.80582524271845,20.500107874865158,11.444444444444445,41,103,2.378640776699029,4,7.242718446601942
Netclan20241115,https://insights.blackcoffer.com/statistical-data-analysis-of-reinforced-concrete/,6,1,0.11169217687074828,0.3848639455782313,12.923076923076923,40.476190476190474,21.359706959706962,12.923076923076923,68,168,2.5357142857142856,4,7.6726190476190474
Netclan20241116,https://insights.blackcoffer.com/database-normalization-segmentation-with-google-data-studio-dashboard-insights/,1,0,0.1353174603174603,0.4681216931216931,7.285714285714286,25.49019607843137,13.110364145658265,7.285714285714286,26,102,2.0784313725490198,8,6.607843137254902
Netclan20241117,https://insights.blackcoffer.com/power-bi-dashboard-to-drive-insights-from-complex-data-to-generate-business-insights/,4,2,0.0808080808080808,0.3781565656565657,9.066666666666666,28.676470588235293,15.097254901960785,9.066666666666666,39,136,2.088235294117647,8,6.330882352941177
Netclan20241118,https://insights.blackcoffer.com/real-time-dashboard-to-monitor-infrastructure-activity-and-machines/,0,0,0.0,0.0,0.0,0.0,0.0,0.0,0,0,0.0,0,0.0
Netclan20241119,https://insights.blackcoffer.com/electric-vehicles-ev-load-management-system-to-forecast-energy-demand/,3,2,-0.07083333333333333,0.24583333333333335,11.25,32.592592592592595,17.537037037037038,11.25,44,135,2.3407407407407406,7,6.762962962962963
Netclan20241120,https://insights.blackcoffer.com/power-bi-data-driven-map-dashboard/,1,0,-0.2,0.4,13.0,46.15384615384615,23.661538461538463,13.0,6,13,2.3846153846153846,0,7.384615384615385
Netclan20241121,https://insights.blackcoffer.com/google-local-service-ads-lsa-leads-dashboard/,16,2,0.1531746031746032,0.4218253968253967,9.433333333333334,31.448763250883395,16.35283863368669,9.433333333333334,89,283,2.176678445229682,3,6.657243816254417
Netclan20241122,https://insights.blackcoffer.com/aws-lex-voice-and-chatbot/,6,0,0.3272727272727272,0.43636363636363634,10.333333333333334,20.64516129032258,12.391397849462365,10.333333333333334,32,155,1.903225806451613,5,5.941935483870968
Netclan20241123,https://insights.blackcoffer.com/metabridges-api-decentraland-integration/,1,0,-0.07916666666666668,0.5041666666666667,10.266666666666667,31.16883116883117,16.574199134199134,10.266666666666667,48,154,2.116883116883117,0,6.5064935064935066
Netclan20241124,https://insights.blackcoffer.com/microsoft-azure-chatbot-with-luis-language-understanding/,5,0,0.11666666666666665,0.3888888888888889,11.5,30.434782608695656,16.773913043478263,11.5,21,69,2.1884057971014492,0,6.507246376811594
Netclan20241125,https://insights.blackcoffer.com/impact-of-news-media-and-press-on-innovation-startups-and-investments/,6,4,0.07020833333333334,0.5079166666666667,6.947368421052632,18.181818181818183,10.051674641148328,6.947368421052632,24,132,1.9848484848484849,8,6.21969696969697
Netclan20241126,https://insights.blackcoffer.com/aws-quicksight-reporting-dashboard/,6,3,0.16560846560846565,0.4284798534798535,14.4,26.38888888888889,16.31555555555556,14.4,38,144,2.013888888888889,5,6.201388888888889
Netclan20241127,https://insights.blackcoffer.com/google-data-studio-dashboard-for-marketing-ads-and-traction-data/,5,0,0.1353174603174603,0.40352182539682535,14.1875,24.669603524229075,15.542841409691631,14.1875,56,227,1.9691629955947136,8,6.352422907488987
Netclan20241128,https://insights.blackcoffer.com/gangala-in-e-commerce-big-data-etl-elt-solution-and-data-warehouse/,6,1,0.21813186813186813,0.4591123851993417,9.666666666666666,26.72413793103448,14.55632183908046,9.666666666666666,31,116,2.0086206896551726,8,6.232758620689655
Netclan20241129,https://insights.blackcoffer.com/big-data-solution-to-an-online-multivendor-marketplace-ecommerce-business/,15,0,0.29208152958152955,0.4774046169879502,17.75,26.056338028169012,17.522535211267606,17.75,37,142,2.0774647887323945,5,6.415492957746479
Netclan20241130,https://insights.blackcoffer.com/creating-a-custom-report-and-dashboard-using-the-data-got-from-atera-api/,1,0,-0.0888888888888889,0.17222222222222222,11.0,30.303030303030305,16.521212121212123,11.0,10,33,2.0303030303030303,2,6.666666666666667
Netclan20241131,https://insights.blackcoffer.com/azure-data-lake-and-power-bi-dashboard/,6,2,-0.012689393939393943,0.45016233766233765,9.0,40.0,19.6,9.0,36,90,2.511111111111111,0,7.955555555555556
Netclan20241132,https://insights.blackcoffer.com/google-data-studio-pipeline-with-gcp-mysql/,1,0,0.014545454545454539,0.4,16.5,18.181818181818183,13.872727272727275,16.5,12,66,1.893939393939394,1,6.242424242424242
Netclan20241133,https://insights.blackcoffer.com/quickbooks-dashboard-to-find-patterns-in-finance-sales-and-forecasts/,8,0,0.02868589743589743,0.3134615384615385,14.818181818181818,29.447852760736197,17.706413831567207,14.818181818181818,48,163,2.214723926380368,2,6.889570552147239
Netclan20241134,https://insights.blackcoffer.com/marketing-sales-and-financial-data-business-dashboard-wink-report/,1,0,0.1207070707070707,0.39217171717171717,8.466666666666667,27.559055118110237,14.410288713910763,8.466666666666667,35,127,2.173228346456693,3,6.645669291338582
Netclan20241135,https://insights.blackcoffer.com/react-native-apps-in-the-development-portfolio/,0,0,0.1,0.3,16.0,12.5,11.4,16.0,2,16,1.375,1,5.375
Netclan20241136,https://insights.blackcoffer.com/a-leading-firm-website-seo-optimization/,2,0,-0.05,0.30000000000000004,9.0,33.33333333333333,16.933333333333334,9.0,18,54,2.0925925925925926,0,6.814814814814815
Netclan20241137,https://insights.blackcoffer.com/a-leading-hospitality-firm-in-the-usa-website-seo-optimization/,4,0,0.13727272727272727,0.3625757575757576,9.166666666666666,36.36363636363637,18.212121212121215,9.166666666666666,20,55,2.0545454545454547,0,6.709090909090909
Netclan20241138,https://insights.blackcoffer.com/a-leading-firm-in-the-usa-website-seo-optimization/,2,2,-0.15000000000000002,0.24166666666666667,18.0,27.77777777777778,18.311111111111114,18.0,10,36,1.8888888888888888,0,6.361111111111111
Netclan20241139,https://insights.blackcoffer.com/a-leading-musical-instrumental-website-seo-optimization/,2,3,0.12992424242424241,0.4928030303030303,6.571428571428571,34.78260869565217,16.541614906832297,6.571428571428571,16,46,2.0434782608695654,0,6.434782608695652
Netclan20241140,https://insights.blackcoffer.com/a-leading-firm-in-the-usa-seo-and-website-optimization/,2,1,0.275,0.675,6.833333333333333,26.82926829268293,13.465040650406506,6.833333333333333,11,41,1.951219512195122,0,6.780487804878049
Netclan20241141,https://insights.blackcoffer.com/immigration-datawarehouse-ai-based-recommendations/,8,0,0.13333333333333333,0.3854166666666667,9.428571428571429,28.030303030303028,14.983549783549783,9.428571428571429,37,132,2.1742424242424243,7,6.848484848484849
Netclan20241142,https://insights.blackcoffer.com/lipsync-automation-for-celebrities-and-influencers/,1,0,0.11621212121212118,0.5118181818181818,10.0,27.142857142857142,14.857142857142856,10.0,19,70,2.1714285714285713,4,6.442857142857143
Netclan20241143,https://insights.blackcoffer.com/key-audit-matters-predictive-modeling/,3,8,0.06873809523809524,0.6869761904761904,15.0,35.714285714285715,20.28571428571429,15.0,75,210,2.3333333333333335,3,6.738095238095238
Netclan20241144,https://insights.blackcoffer.com/splitting-of-songs-into-its-vocals-and-instrumental/,8,2,0.14416666666666667,0.5066666666666666,10.2,29.411764705882355,15.84470588235294,10.2,30,102,2.2450980392156863,1,6.833333333333333
Netclan20241145,https://insights.blackcoffer.com/ai-and-ml-technologies-to-evaluate-learning-assessments/,12,2,0.050106837606837616,0.48450854700854695,9.5,39.76608187134503,19.706432748538013,9.5,68,171,2.497076023391813,12,7.315789473684211
Netclan20241146,https://insights.blackcoffer.com/datawarehouse-and-recommendations-engine-for-airbnb/,8,2,0.06666666666666668,0.39166666666666666,10.833333333333334,30.0,16.333333333333336,10.833333333333334,39,130,2.253846153846154,7,6.892307692307693
Netclan20241147,https://insights.blackcoffer.com/real-estate-data-warehouse/,4,0,0.1375,0.42685185185185187,10.071428571428571,32.62411347517731,17.078216818642353,10.071428571428571,46,141,2.24822695035461,1,6.75177304964539
Netclan20241148,https://insights.blackcoffer.com/traction-dashboards-of-marketing-campaigns-and-posts/,3,1,0.09910714285714285,0.605952380952381,10.76923076923077,32.142857142857146,17.164835164835164,10.76923076923077,45,140,2.164285714285714,8,6.7214285714285715
Netclan20241149,https://insights.blackcoffer.com/google-local-service-ads-lsa-data-warehouse/,2,0,0.002040816326530609,0.20408163265306123,11.0,36.36363636363637,18.94545454545455,11.0,28,77,2.1948051948051948,0,6.415584415584416
Netclan20241150,https://insights.blackcoffer.com/google-local-service-ads-missed-calls-and-messages-automation-tool/,2,1,0.03333333333333334,0.38333333333333336,19.0,27.631578947368425,18.65263157894737,19.0,21,76,2.039473684210526,0,6.342105263157895
Netclan20241151,https://insights.blackcoffer.com/marketing-ads-leads-call-status-data-tool-to-bigquery/,3,0,-0.03333333333333333,0.09999999999999999,11.333333333333334,39.705882352941174,20.415686274509806,11.333333333333334,27,68,2.338235294117647,0,6.705882352941177
Netclan20241152,https://insights.blackcoffer.com/marketing-analytics-to-automate-leads-call-status-and-reporting/,3,0,-0.028571428571428574,0.2285714285714286,11.5,33.33333333333333,17.933333333333334,11.5,23,69,2.2318840579710146,0,6.6521739130434785
Netclan20241153,https://insights.blackcoffer.com/callrail-analytics-leads-report-alert/,2,0,0.007142857142857131,0.41428571428571426,10.142857142857142,35.2112676056338,18.14164989939638,10.142857142857142,25,71,2.295774647887324,0,6.732394366197183
Netclan20241154,https://insights.blackcoffer.com/marketing-automation-tool-to-notify-lead-details-to-clients-over-email-and-phone/,1,0,-0.07142857142857144,0.2857142857142857,14.75,32.20338983050847,18.78135593220339,14.75,19,59,2.1864406779661016,0,6.406779661016949
Netclan20241155,https://insights.blackcoffer.com/data-etl-local-service-ads-leads-to-bigquery/,2,0,0.07619047619047618,0.43483245149911814,11.8,38.983050847457626,20.313220338983054,11.8,23,59,2.305084745762712,0,6.5423728813559325
Netclan20241156,https://insights.blackcoffer.com/marbles-stimulation-using-python/,2,1,0.027222222222222238,0.4664814814814814,6.7272727272727275,31.08108108108108,15.123341523341523,6.7272727272727275,23,74,2.0675675675675675,2,6.378378378378378
Netclan20241157,https://insights.blackcoffer.com/stocktwits-data-structurization/,11,9,0.07777527579946937,0.42603180421728803,9.958333333333334,29.497907949790797,15.782496513249653,9.958333333333334,141,478,2.225941422594142,6,6.696652719665272
Netclan20241158,https://insights.blackcoffer.com/sentimental-analysis-on-shareholder-letter-of-companies/,9,5,0.0066639610389610405,0.5046185064935065,11.952380952380953,46.21513944223107,23.267008157844813,11.952380952380953,116,251,2.545816733067729,5,7.414342629482071
Netclan20241159,https://insights.blackcoffer.com/population-and-community-survey-of-america/,12,9,0.08161675059634242,0.45762920752716685,13.529411764705882,36.73913043478261,20.107416879795398,13.529411764705882,169,460,2.356521739130435,3,6.819565217391304
Netclan20241160,https://insights.blackcoffer.com/google-lsa-api-data-automation-and-dashboarding/,19,17,0.045227705627705624,0.2607051948051948,11.390625,32.647462277091904,17.61523491083676,11.390625,238,729,2.212620027434842,7,6.668038408779149
Netclan20241161,https://insights.blackcoffer.com/healthcare-data-analysis/,5,6,0.07895833333333335,0.35416666666666663,8.090909090909092,24.719101123595504,13.124004085801838,8.090909090909092,22,89,2.0786516853932584,11,6.48314606741573
Netclan20241162,https://insights.blackcoffer.com/budget-sales-kpi-dashboard-using-power-bi/,0,0,0.0,0.0,20.0,60.0,32.0,20.0,12,20,3.65,0,10.3
Netclan20241163,https://insights.blackcoffer.com/amazon-buy-bot-an-automation-ai-tool-to-auto-checkouts/,2,0,-0.008333333333333338,0.2976190476190476,7.714285714285714,35.18518518518518,17.15978835978836,7.714285714285714,19,54,2.111111111111111,1,6.555555555555555
